,,Survey (newest),,,,,,,,,,,,,,,,
Q_ID,C_ID,Question ,reach_n,dropoff_n,avg_active_time_s,backtrack_n,guidance_tooltip_open_n,error_n,reach_%,dropoff_%,backtrack_%,guidance_tooltip_open_%,error_%,z_avg_active_time_s,z_backtrack_%,z_guidance_tooltip_open_%,z_error_%,friction_index
00000,15,What is your email?,1000,39,3.5,0,0,13,100.00%,3.90%,0.00%,0.00%,1.30%,-1.435,-2.167,-1.880,2.970,-2.512
00001,15,What is your first name?,961,31,5,0,0,15,96.10%,3.23%,0.00%,0.00%,1.56%,-0.357,-2.167,-1.880,3.826,-0.578
01001,1,"In this season of your life, how central is sexuality to your overall life satisfaction?",930,29,6.3,11,17,5,93.00%,3.12%,1.18%,1.83%,0.54%,0.577,0.287,0.257,0.469,1.590
01002,1,"Overall, how satisfied are you with your sex life right now?",901,22,5.6,6,15,3,90.10%,2.44%,0.67%,1.66%,0.33%,0.074,-0.785,0.067,-0.203,-0.847
01003,1,"If sex feels less important right now, which fits best?",879,23,4.3,12,11,3,87.90%,2.62%,1.37%,1.25%,0.34%,-0.860,0.666,-0.417,-0.176,-0.787
01005,1,I often crave more novelty/variety in my sexual experiences.,856,22,5.7,9,13,4,85.60%,2.57%,1.05%,1.52%,0.47%,0.146,0.015,-0.104,0.238,0.294
01006,1,Sex is often uncomfortable or painful for me.,834,33,4.5,6,8,5,83.40%,3.96%,0.72%,0.96%,0.60%,-0.716,-0.674,-0.758,0.672,-1.477
02000,2,Desire can appear before stimulation (spontaneous) or build after affectionate/erotic cues (responsive). Both are common and healthy.,801,30,7.4,11,21,5,80.10%,3.75%,1.37%,2.62%,0.62%,1.368,0.682,1.185,0.753,3.988
02001,2,Which is most true for you?,771,23,5.5,5,10,3,77.10%,2.98%,0.65%,1.30%,0.39%,0.002,-0.821,-0.364,-0.019,-1.201
02002,2,I usually don’t feel sexual desire until someone shows me affection or starts something intimate.,748,20,8.5,12,24,3,74.80%,2.67%,1.60%,3.21%,0.40%,2.159,1.162,1.871,0.021,5.212
02003,2,I enjoy intimacy more when it’s planned rather than spontaneous.,728,20,7.9,7,20,2,72.80%,2.75%,0.96%,2.75%,0.27%,1.727,-0.172,1.332,-0.394,2.493
02004,2,"In a good scenario, initiation feels best when…",708,16,6.6,12,18,5,70.80%,2.26%,1.69%,2.54%,0.71%,0.793,1.350,1.092,1.022,4.257
03000,3,"An arousal style is the mix of cues and conditions that move you toward or away from arousal. It’s not a diagnosis; it shifts with context, and consent sets the boundary for what actually happens.",692,17,8.3,16,23,4,69.20%,2.46%,2.31%,3.32%,0.58%,2.015,2.630,2.006,0.601,7.252
03003,3,What is your preferred setting of sexual connection?,675,19,4.6,5,11,2,67.50%,2.81%,0.74%,1.63%,0.30%,-0.645,-0.630,0.025,-0.323,-1.572
03004,3,How essential is emotional connection for your sexual desire?,656,13,5.7,7,20,3,65.60%,1.98%,1.07%,3.05%,0.46%,0.146,0.047,1.685,0.205,2.083
03005,3,Which description best fits what gets you from neutral to turned-on most often?,643,18,4.8,7,10,2,64.30%,2.80%,1.09%,1.56%,0.31%,-0.501,0.092,-0.062,-0.275,-0.745
03006,3,"Which ""learning mode"" best fits you?",625,16,4.1,4,7,1,62.50%,2.56%,0.64%,1.12%,0.16%,-1.004,-0.839,-0.570,-0.770,-3.184
03008,3,I usually want sex to feel...,609,16,4.3,5,9,3,60.90%,2.63%,0.82%,1.48%,0.49%,-0.860,-0.463,-0.152,0.321,-1.155
03009,3,"Tension, pursuit, or being ‘hard to get’ reliably turns me on.",593,16,5,5,8,0,59.30%,2.70%,0.84%,1.35%,0.00%,-0.357,-0.418,-0.303,-1.295,-2.373
03010,3,"In erotic contexts, I prefer:",577,10,3.5,3,8,1,57.70%,1.73%,0.52%,1.39%,0.17%,-1.435,-1.088,-0.259,-0.727,-3.509
03011,3,Sex feels most fulfilling when it has a sacred/meaningful/ritual quality (not just pleasure).,567,13,7,6,9,1,56.70%,2.29%,1.06%,1.59%,0.18%,1.081,0.029,-0.024,-0.717,0.368
03012,3,"Without some edge/taboo/intensity, sex can feel flat.",554,12,3.9,5,9,0,55.40%,2.17%,0.90%,1.62%,0.00%,-1.148,-0.294,0.019,-1.295,-2.718
03013,3,What sounds most arousing?,542,13,5,3,4,2,54.20%,2.40%,0.55%,0.74%,0.37%,-0.357,-1.019,-1.017,-0.085,-2.477
03014,3,I can usually reach orgasm with a partner when I want to.,529,11,7.5,8,19,2,52.90%,2.08%,1.51%,3.59%,0.38%,1.440,0.971,2.319,-0.055,4.675
08000,8,"How we bond shapes how safe our body feels in sex. When closeness, distance, and repair work for us, desire can unfold instead of going into defense.",518,13,8.3,10,19,3,51.80%,2.51%,1.93%,3.67%,0.58%,2.015,1.839,2.408,0.605,6.867
08002,8,I generally feel secure in relationships.,505,12,6.6,2,5,1,50.50%,2.38%,0.40%,0.99%,0.20%,0.793,-1.345,-0.722,-0.646,-1.920
08003,8,"When my partner pulls away, I usually…",493,10,3.5,5,6,0,49.30%,2.03%,1.01%,1.22%,0.00%,-1.435,-0.063,-0.457,-1.295,-3.250
08004,8,"Regarding interdependence in relationships, I tend to...",483,9,5.3,5,10,5,48.30%,1.86%,1.04%,2.07%,1.04%,-0.141,-0.019,0.541,2.101,2.481
08005,8,"After emotional repair (a good vulnerable talk), I often feel more desire.",474,11,6,4,14,1,47.40%,2.32%,0.84%,2.95%,0.21%,0.362,-0.416,1.573,-0.603,0.916
08006,8,"When I feel pressure (to perform, talk, or escalate), I shut down or want to withdraw.",463,9,4.7,5,8,2,46.30%,1.94%,1.08%,1.73%,0.43%,-0.573,0.074,0.140,0.122,-0.237
08012,8,I lose interest when my partner becomes too emotionally dependent.,454,9,3.9,2,5,2,45.40%,1.98%,0.44%,1.10%,0.44%,-1.148,-1.253,-0.592,0.150,-2.843
09013,9,I sometimes use flirtation/sex to influence the dynamic or get needs met.”,445,13,5.4,6,5,0,44.50%,2.92%,1.35%,1.12%,0.00%,-0.070,0.631,-0.566,-1.295,-1.301
10000,10,"Great sex is easier when we can name what we like and hear each other clearly. Communication is a skill, not a personality trait, and tiny scripts help.",432,10,5.3,10,5,3,43.20%,2.31%,2.31%,1.16%,0.69%,-0.141,2.636,-0.527,0.983,2.951
10002,10,"During intimacy, how do you prefer to communicate your needs and desires?         ",422,7,8.3,6,12,2,42.20%,1.66%,1.42%,2.84%,0.47%,2.015,0.783,1.445,0.260,4.502
10003,10,I’m comfortable expressing what turns me on.,415,7,5.5,3,3,0,41.50%,1.69%,0.72%,0.72%,0.00%,0.002,-0.667,-1.035,-1.295,-2.995
10004,10,I’m comfortable expressing what I don’t want.,408,9,6.9,4,5,2,40.80%,2.21%,0.98%,1.23%,0.49%,1.009,-0.133,-0.447,0.313,0.742
10005,10,"If my partner is quiet/neutral during sex, my arousal drops.",399,10,7.4,5,13,2,39.90%,2.51%,1.25%,3.26%,0.50%,1.368,0.433,1.929,0.349,4.080
11001,11,Which dynamic feels most natural?,389,10,5,2,3,3,38.90%,2.57%,0.51%,0.77%,0.77%,-0.357,-1.100,-0.978,1.235,-1.201
11002,11,I enjoy clear structure/protocol/rules in sexual dynamics.,379,10,4.8,3,7,0,37.90%,2.64%,0.79%,1.85%,0.00%,-0.501,-0.525,0.279,-1.295,-2.041
11003,11,In sex I most naturally…,369,6,5.6,2,5,1,36.90%,1.63%,0.54%,1.36%,0.27%,0.074,-1.042,-0.296,-0.406,-1.670
11004,11,I feel most connected sexually when I’m soothing or stabilizing my partner’s emotions.,363,7,7.1,4,6,0,36.30%,1.93%,1.10%,1.65%,0.00%,1.152,0.119,0.053,-1.295,0.029
14020,14,What most reliably motivates you to want sex?,356,7,4,2,3,1,35.60%,1.97%,0.56%,0.84%,0.28%,-1.076,-1.001,-0.895,-0.374,-3.346
14021,14,I seek intense sex to escape numbness/stress or to feel something.,349,8,3.6,4,4,1,34.90%,2.29%,1.15%,1.15%,0.29%,-1.363,0.211,-0.540,-0.355,-2.047
15000,15,This section covers basic background information and daily habits. These details help us interpret patterns across different groups and understand how lifestyle factors shape wellbeing.,341,10,6.6,6,5,1,34.10%,2.93%,1.76%,1.47%,0.29%,0.793,1.484,-0.166,-0.333,1.778
15001,15,What would you like to understand about yourself through this survey?,331,6,5.5,3,3,1,33.10%,1.81%,0.91%,0.91%,0.30%,0.002,-0.286,-0.820,-0.304,-1.408
15002,15,Which country do you live in?,325,6,7.9,4,3,1,32.50%,1.85%,1.23%,0.92%,0.31%,1.727,0.387,-0.801,-0.286,1.028
15003,15,Which ZIP / postal code do you live in?,319,4,4.3,3,6,1,31.90%,1.25%,0.94%,1.88%,0.31%,-0.860,-0.216,0.319,-0.267,-1.024
15004,15,What year are you born? ,315,5,3.5,2,3,1,31.50%,1.59%,0.63%,0.95%,0.32%,-1.435,-0.850,-0.766,-0.254,-3.305
15005,15,What is your gender identity?,310,4,4.7,1,2,3,31.00%,1.29%,0.32%,0.65%,0.97%,-0.573,-1.498,-1.126,1.880,-1.316
15006,15,What is your sexual orientation?,306,4,3.5,4,7,0,30.60%,1.31%,1.31%,2.29%,0.00%,-1.435,0.545,0.795,-1.295,-1.391
15007,15,What relationship structure are you currently in?,302,5,5.3,4,3,1,30.20%,1.66%,1.32%,0.99%,0.33%,-0.141,0.581,-0.719,-0.209,-0.488
15008,15,Which aspects of your sexual life do you wish to improve? ,297,6,5.7,3,4,0,29.70%,2.02%,1.01%,1.35%,0.00%,0.146,-0.071,-0.305,-1.295,-1.526
15009,15,"When you reflect on your current sexuality and pleasure, which description feels most true for you?",291,5,5.1,4,3,2,29.10%,1.72%,1.37%,1.03%,0.69%,-0.285,0.685,-0.675,0.960,0.685
15010,15,Where would you like your sexuality to be in 3–6 months?,286,6,5.4,3,4,1,28.60%,2.10%,1.05%,1.40%,0.35%,-0.070,0.009,-0.245,-0.148,-0.453
15011,15,How rested do you usually feel when you wake up?,280,4,5.5,3,6,2,28.00%,1.43%,1.07%,2.14%,0.71%,0.002,0.056,0.625,1.048,1.732
15012,15,How high is your overall stress level most of the time?,276,5,4.2,2,5,1,27.60%,1.81%,0.72%,1.81%,0.36%,-0.932,-0.663,0.238,-0.107,-1.464
15013,15,"Do you currently do sports or other physical activity that raises your heartbeat (walking fast, gym, dancing, etc.)?",271,5,3.5,4,4,0,27.10%,1.85%,1.48%,1.48%,0.00%,-1.435,0.896,-0.154,-1.295,-1.989
15014,15,Do you have children?,266,4,5.1,2,3,1,26.60%,1.50%,0.75%,1.13%,0.38%,-0.285,-0.607,-0.561,-0.062,-1.515
15015,15,"Do you live with any long-term physical or mental health conditions that affect your energy, mood or everyday functioning?",262,5,5.9,5,1,1,26.20%,1.91%,1.91%,0.38%,0.38%,0.290,1.793,-1.434,-0.043,0.606
15016,15,"Are you currently taking any medication or hormones that you feel might influence your energy, mood or sexual drive (for example antidepressants, hormonal contraception, testosterone, etc.)?",257,6,6.4,4,2,1,25.70%,2.33%,1.56%,0.78%,0.39%,0.649,1.062,-0.970,-0.019,0.723
15017,15,How often do you drink alcohol or use other substances in connection with intimacy?,251,4,5.5,4,7,1,25.10%,1.59%,1.59%,2.79%,0.40%,0.002,1.140,1.381,0.012,2.534